2026/09/17 14:52:50.285, 16.58, 10, 0, 27
2026/09/17 14:52:55.297, 18.08, 720, 0, 27
2026/09/17 14:53:00.298, 89.40, 39538, 5, 29
2026/09/17 14:53:05.299, 82.50, 55302, 0, 29
2026/09/17 14:53:10.299, 600.18, 56304, 100, 49
2026/09/17 14:53:15.300, 600.13, 56304, 100, 53
2026/09/17 14:53:20.313, 600.04, 56304, 100, 56
2026/09/17 14:53:25.325, 602.69, 56310, 100, 58
2026/09/17 14:53:30.338, 599.94, 56310, 100, 60
2026/09/17 14:53:35.351, 600.19, 56310, 100, 63
2026/09/17 14:53:40.363, 415.67, 56318, 52, 60
2026/09/17 14:53:45.364, 600.24, 56318, 100, 66
2026/09/17 14:53:50.377, 600.08, 56318, 100, 68
2026/09/17 14:53:55.389, 599.96, 56318, 100, 70
2026/09/17 14:54:00.402, 599.95, 56318, 100, 71
2026/09/17 14:54:05.414, 599.88, 56318, 100, 72
2026/09/17 14:54:10.427, 600.09, 56318, 100, 73
2026/09/17 14:54:15.439, 600.07, 56310, 100, 73
2026/09/17 14:54:20.452, 600.03, 56310, 100, 75
2026/09/17 14:54:25.465, 600.02, 56310, 100, 76
2026/09/17 14:54:30.477, 601.71, 56312, 100, 76
2026/09/17 14:54:35.490, 600.02, 56312, 100, 77
2026/09/17 14:54:40.503, 600.10, 56312, 100, 78
2026/09/17 14:54:45.515, 582.90, 55750, 74, 70
2026/09/17 14:54:50.515, 599.80, 56310, 100, 79
2026/09/17 14:54:55.528, 600.10, 56310, 100, 79
2026/09/17 14:55:00.528, 599.92, 56310, 100, 79
2026/09/17 14:55:05.541, 600.09, 56312, 100, 80
2026/09/17 14:55:10.541, 600.03, 56312, 100, 80
2026/09/17 14:55:15.547, 599.94, 56312, 100, 80
2026/09/17 14:55:20.559, 233.73, 59306, 100, 77
2026/09/17 14:55:25.560, 558.38, 63246, 100, 78
2026/09/17 14:55:30.566, 587.29, 63246, 100, 78
2026/09/17 14:55:35.566, 588.72, 63246, 100, 79
2026/09/17 14:55:40.567, 572.54, 63246, 100, 79
2026/09/17 14:55:45.567, 573.56, 63264, 100, 79
2026/09/17 14:55:50.568, 579.32, 63264, 100, 78
2026/09/17 14:55:55.581, 560.11, 63264, 100, 79
2026/09/17 14:56:00.581, 563.35, 63264, 100, 80
2026/09/17 14:56:05.594, 511.17, 63264, 83, 75
2026/09/17 14:56:10.594, 574.03, 63264, 100, 80
2026/09/17 14:56:15.595, 463.80, 63264, 100, 80
2026/09/17 14:56:20.595, 554.55, 63264, 100, 80
2026/09/17 14:56:25.595, 592.80, 63264, 100, 81
2026/09/17 14:56:30.596, 528.97, 63264, 99, 80
2026/09/17 14:56:35.608, 592.75, 63264, 100, 81
2026/09/17 14:56:40.614, 576.44, 63264, 100, 80
2026/09/17 14:56:45.626, 512.08, 63264, 100, 80
2026/09/17 14:56:50.627, 577.01, 63264, 100, 80
2026/09/17 14:56:55.627, 578.33, 63264, 100, 80
2026/09/17 14:57:00.628, 594.22, 63264, 100, 82
2026/09/17 14:57:05.628, 579.62, 63264, 100, 81
2026/09/17 14:57:10.628, 518.62, 63264, 100, 82
2026/09/17 14:57:15.629, 579.97, 63264, 100, 80
2026/09/17 14:57:20.641, 562.82, 63264, 100, 83
2026/09/17 14:57:25.642, 594.26, 63264, 100, 81
2026/09/17 14:57:30.642, 553.45, 63264, 94, 80
2026/09/17 14:57:35.643, 562.84, 63264, 100, 82
2026/09/17 14:57:40.643, 594.23, 63264, 100, 81
2026/09/17 14:57:45.644, 568.48, 63264, 96, 82
2026/09/17 14:57:50.644, 560.81, 63264, 100, 82
2026/09/17 14:57:55.645, 469.58, 63264, 100, 80
2026/09/17 14:58:00.645, 588.96, 63264, 100, 82
2026/09/17 14:58:05.651, 563.18, 63264, 100, 82
2026/09/17 14:58:10.651, 486.04, 63264, 100, 81
2026/09/17 14:58:15.652, 579.51, 63264, 100, 82
2026/09/17 14:58:20.652, 579.97, 63264, 100, 82
2026/09/17 14:58:25.652, 580.85, 63264, 100, 82
2026/09/17 14:58:30.653, 565.11, 63264, 100, 83
2026/09/17 14:58:35.653, 565.80, 63264, 100, 82
2026/09/17 14:58:40.654, 581.71, 63264, 100, 83
2026/09/17 14:58:45.654, 583.28, 63264, 100, 83
2026/09/17 14:58:50.654, 595.72, 63264, 100, 82
2026/09/17 14:58:55.655, 566.17, 63264, 100, 82
2026/09/17 14:59:00.655, 461.11, 63264, 66, 76
2026/09/17 14:59:05.656, 545.55, 63264, 57, 78
2026/09/17 14:59:10.656, 581.07, 63264, 100, 81
2026/09/17 14:59:15.656, 595.01, 63264, 100, 83
2026/09/17 14:59:20.657, 581.39, 63264, 100, 82
2026/09/17 14:59:25.657, 596.72, 63264, 100, 82
2026/09/17 14:59:30.658, 580.98, 63264, 100, 80
2026/09/17 14:59:35.658, 580.38, 63264, 100, 84
2026/09/17 14:59:40.659, 582.76, 63264, 100, 82
2026/09/17 14:59:45.659, 566.47, 63264, 100, 83
2026/09/17 14:59:50.659, 587.85, 63264, 100, 84
2026/09/17 14:59:55.660, 586.82, 63264, 100, 84
2026/09/17 15:00:00.660, 582.96, 63264, 100, 82
2026/09/17 15:00:05.661, 555.30, 63264, 100, 83
2026/09/17 15:00:10.661, 559.93, 63264, 100, 82
2026/09/17 15:00:15.662, 595.58, 63264, 100, 83
2026/09/17 15:00:20.662, 581.75, 63264, 100, 82
2026/09/17 15:00:25.663, 582.21, 63264, 100, 83
2026/09/17 15:00:30.663, 592.68, 63264, 100, 83
2026/09/17 15:00:35.664, 564.53, 63264, 100, 83
2026/09/17 15:00:40.664, 583.09, 63264, 100, 83
2026/09/17 15:00:45.670, 498.45, 63264, 100, 83
2026/09/17 15:00:50.682, 581.34, 63264, 100, 83
2026/09/17 15:00:55.683, 580.05, 63264, 100, 82
2026/09/17 15:01:00.683, 581.97, 63264, 100, 84
2026/09/17 15:01:05.684, 568.22, 63264, 100, 83
2026/09/17 15:01:10.685, 594.80, 63264, 100, 83
2026/09/17 15:01:15.685, 558.22, 63264, 74, 82
2026/09/17 15:01:20.686, 542.40, 63264, 63, 79
2026/09/17 15:01:25.686, 559.04, 63264, 100, 83
2026/09/17 15:01:30.687, 565.17, 63264, 100, 83
2026/09/17 15:01:35.687, 447.99, 63264, 75, 83
2026/09/17 15:01:40.688, 538.17, 63264, 52, 81
2026/09/17 15:01:45.689, 582.91, 63264, 100, 82
2026/09/17 15:01:50.689, 563.32, 63264, 100, 84
2026/09/17 15:01:55.702, 598.41, 63264, 100, 83
2026/09/17 15:02:00.702, 566.84, 63264, 100, 83
2026/09/17 15:02:05.703, 582.16, 63264, 100, 83
2026/09/17 15:02:10.703, 583.73, 63264, 100, 83
2026/09/17 15:02:15.704, 563.52, 63264, 100, 83
2026/09/17 15:02:20.705, 539.79, 63264, 69, 80
2026/09/17 15:02:25.705, 540.42, 63264, 58, 81
2026/09/17 15:02:30.706, 582.74, 63264, 100, 82
2026/09/17 15:02:35.706, 581.11, 63264, 100, 83
2026/09/17 15:02:40.719, 582.06, 63264, 100, 82
2026/09/17 15:02:45.719, 582.39, 63264, 100, 83
2026/09/17 15:02:50.720, 553.47, 63264, 100, 84
2026/09/17 15:02:55.720, 520.88, 63264, 100, 83
2026/09/17 15:03:00.721, 582.06, 63264, 100, 83
2026/09/17 15:03:05.722, 587.66, 63264, 100, 83
2026/09/17 15:03:10.722, 562.24, 63264, 94, 83
2026/09/17 15:03:15.723, 565.16, 63264, 100, 83
2026/09/17 15:03:20.723, 599.60, 63264, 95, 82
2026/09/17 15:03:25.724, 597.30, 63264, 100, 83
2026/09/17 15:03:30.724, 554.98, 63264, 94, 83
2026/09/17 15:03:35.737, 557.08, 63264, 92, 82
2026/09/17 15:03:40.738, 530.55, 63264, 56, 77
2026/09/17 15:03:45.738, 580.67, 63264, 100, 82
2026/09/17 15:03:50.739, 581.66, 63264, 100, 82
2026/09/17 15:03:55.739, 582.12, 63264, 100, 81
2026/09/17 15:04:00.740, 552.77, 63264, 82, 83
2026/09/17 15:04:05.740, 574.20, 63264, 100, 79
2026/09/17 15:04:10.741, 453.25, 63264, 100, 83
2026/09/17 15:04:15.741, 582.24, 63264, 100, 83
2026/09/17 15:04:20.742, 581.57, 63264, 100, 82
2026/09/17 15:04:25.747, 581.35, 63264, 100, 83
2026/09/17 15:04:30.748, 469.31, 63264, 95, 83
2026/09/17 15:04:35.748, 566.07, 63264, 100, 84
2026/09/17 15:04:40.761, 553.23, 63264, 100, 84
2026/09/17 15:04:45.762, 566.16, 63264, 100, 84
2026/09/17 15:04:50.762, 584.80, 63264, 100, 83
2026/09/17 15:04:55.763, 595.10, 63264, 100, 82
2026/09/17 15:05:00.763, 585.78, 63264, 100, 82
2026/09/17 15:05:05.764, 583.98, 63264, 100, 83
2026/09/17 15:05:10.764, 584.91, 63264, 100, 84
2026/09/17 15:05:15.765, 548.77, 63264, 100, 84
2026/09/17 15:05:20.765, 582.35, 63264, 100, 85
2026/09/17 15:05:25.766, 584.43, 63264, 100, 83
2026/09/17 15:05:30.766, 584.18, 63264, 100, 84
2026/09/17 15:05:35.767, 570.57, 63264, 100, 84
2026/09/17 15:05:40.767, 108.01, 57678, 95, 72
2026/09/17 15:05:45.768, 600.04, 57390, 100, 83
2026/09/17 15:05:50.768, 600.00, 57390, 100, 84
2026/09/17 15:05:55.774, 599.99, 57390, 100, 84
2026/09/17 15:06:00.774, 600.10, 57390, 100, 84
2026/09/17 15:06:05.775, 600.01, 57390, 100, 84
2026/09/17 15:06:10.775, 600.04, 57390, 100, 84
2026/09/17 15:06:15.776, 465.95, 57390, 100, 84
2026/09/17 15:06:20.776, 600.03, 57390, 100, 85
2026/09/17 15:06:25.777, 599.93, 57390, 100, 85
2026/09/17 15:06:30.783, 600.01, 57390, 100, 85
2026/09/17 15:06:35.783, 599.98, 57390, 100, 85
2026/09/17 15:06:40.784, 599.90, 57390, 100, 86
2026/09/17 15:06:45.784, 599.95, 57390, 100, 86
2026/09/17 15:06:50.785, 599.97, 57390, 100, 86
2026/09/17 15:06:55.790, 600.00, 57390, 100, 86
2026/09/17 15:07:00.803, 599.99, 57390, 100, 86
2026/09/17 15:07:05.816, 449.57, 57390, 100, 85
2026/09/17 15:07:10.816, 600.07, 57390, 100, 86
2026/09/17 15:07:15.817, 600.01, 57390, 100, 86
2026/09/17 15:07:20.817, 600.01, 57390, 100, 86
2026/09/17 15:07:25.818, 599.94, 57390, 100, 86
2026/09/17 15:07:30.818, 600.06, 57390, 100, 86
2026/09/17 15:07:35.831, 599.97, 57390, 100, 86
2026/09/17 15:07:40.831, 600.22, 57390, 100, 86
2026/09/17 15:07:45.832, 600.01, 57390, 100, 86
2026/09/17 15:07:50.833, 599.96, 57390, 100, 86
2026/09/17 15:07:55.845, 578.52, 57030, 67, 78
2026/09/17 15:08:00.857, 564.61, 60912, 99, 83
2026/09/17 15:08:05.858, 585.01, 64376, 100, 84
2026/09/17 15:08:10.858, 586.03, 65938, 100, 83
2026/09/17 15:08:15.859, 566.20, 65938, 100, 83
2026/09/17 15:08:20.859, 483.68, 65938, 100, 83
2026/09/17 15:08:25.860, 582.33, 65938, 100, 83
2026/09/17 15:08:30.861, 584.69, 65938, 100, 81
2026/09/17 15:08:35.861, 597.09, 65938, 100, 84
2026/09/17 15:08:40.862, 584.85, 65938, 100, 83
2026/09/17 15:08:45.862, 584.46, 65938, 100, 83
2026/09/17 15:08:50.863, 482.82, 65938, 0, 74
2026/09/17 15:08:55.863, 582.60, 65938, 100, 84
2026/09/17 15:09:00.876, 584.88, 65938, 100, 83
2026/09/17 15:09:05.889, 494.23, 65938, 100, 83
2026/09/17 15:09:10.889, 582.96, 65938, 100, 83
2026/09/17 15:09:15.890, 563.77, 65938, 100, 84
2026/09/17 15:09:20.890, 550.40, 65938, 100, 85
2026/09/17 15:09:25.891, 542.73, 65938, 51, 78
2026/09/17 15:09:30.892, 582.26, 65938, 100, 83
2026/09/17 15:09:35.892, 515.55, 65938, 100, 83
2026/09/17 15:09:40.893, 568.31, 65938, 100, 84
2026/09/17 15:09:45.893, 564.18, 65938, 54, 77
2026/09/17 15:09:50.894, 508.33, 65938, 100, 82
2026/09/17 15:09:55.894, 592.77, 65938, 100, 83
2026/09/17 15:10:00.895, 583.07, 65938, 100, 83
2026/09/17 15:10:05.895, 545.68, 65938, 58, 80
2026/09/17 15:10:10.896, 562.72, 65938, 100, 84
2026/09/17 15:10:15.896, 548.54, 65938, 100, 83
2026/09/17 15:10:20.897, 531.69, 65938, 49, 76
2026/09/17 15:10:25.897, 599.18, 65938, 100, 82
2026/09/17 15:10:30.898, 577.33, 65938, 92, 82
2026/09/17 15:10:35.898, 584.52, 65938, 100, 83
2026/09/17 15:10:40.899, 559.88, 65938, 100, 84
2026/09/17 15:10:45.899, 583.02, 65938, 100, 83
2026/09/17 15:10:50.900, 582.74, 65938, 100, 81
2026/09/17 15:10:55.900, 520.31, 65938, 100, 84
2026/09/17 15:11:00.901, 563.29, 65938, 100, 84
2026/09/17 15:11:05.901, 592.46, 65938, 100, 82
2026/09/17 15:11:10.902, 581.37, 65938, 100, 82
2026/09/17 15:11:15.903, 481.66, 65938, 90, 82
2026/09/17 15:11:20.903, 563.72, 65938, 100, 83
2026/09/17 15:11:25.916, 583.09, 65938, 100, 83
2026/09/17 15:11:30.916, 583.15, 65938, 100, 83
2026/09/17 15:11:35.917, 588.08, 65938, 100, 86
2026/09/17 15:11:40.923, 594.31, 65938, 100, 83
2026/09/17 15:11:45.935, 581.72, 65938, 100, 83
2026/09/17 15:11:50.948, 582.10, 65938, 100, 85
2026/09/17 15:11:55.960, 584.95, 65938, 100, 83
2026/09/17 15:12:00.973, 597.52, 65938, 100, 83
2026/09/17 15:12:05.985, 563.10, 65938, 55, 81
2026/09/17 15:12:10.986, 583.51, 65938, 100, 83
2026/09/17 15:12:15.999, 472.28, 65938, 100, 83
2026/09/17 15:12:20.999, 581.32, 65938, 100, 84
2026/09/17 15:12:26.000, 596.35, 65938, 100, 84
2026/09/17 15:12:31.000, 597.23, 65938, 100, 83
2026/09/17 15:12:36.001, 560.17, 65938, 54, 80
2026/09/17 15:12:41.001, 558.71, 65938, 100, 84
2026/09/17 15:12:46.002, 466.90, 65938, 79, 82
2026/09/17 15:12:51.002, 578.60, 65938, 90, 81
2026/09/17 15:12:56.015, 583.04, 65938, 100, 84
2026/09/17 15:13:01.016, 571.32, 65938, 100, 84
2026/09/17 15:13:06.028, 583.80, 65938, 100, 84
2026/09/17 15:13:11.029, 584.62, 65938, 100, 83
2026/09/17 15:13:16.029, 567.94, 65938, 94, 84
2026/09/17 15:13:21.042, 583.27, 65938, 100, 83
2026/09/17 15:13:26.043, 573.52, 65938, 73, 80
2026/09/17 15:13:31.043, 486.10, 65938, 100, 83
2026/09/17 15:13:36.049, 597.19, 65938, 100, 84
2026/09/17 15:13:41.049, 555.10, 65938, 100, 84
2026/09/17 15:13:46.050, 552.96, 65938, 100, 84
2026/09/17 15:13:51.050, 558.53, 65938, 45, 80
2026/09/17 15:13:56.051, 567.80, 65938, 100, 84
2026/09/17 15:14:01.063, 594.39, 65938, 100, 83
2026/09/17 15:14:06.064, 545.82, 65938, 71, 82
2026/09/17 15:14:11.064, 465.75, 65938, 100, 83
2026/09/17 15:14:16.065, 590.49, 65938, 100, 82
2026/09/17 15:14:21.078, 562.97, 65938, 93, 83
2026/09/17 15:14:26.078, 578.46, 65938, 90, 81
2026/09/17 15:14:31.079, 575.43, 65938, 87, 81
2026/09/17 15:14:36.079, 560.42, 65938, 100, 84
2026/09/17 15:14:41.080, 550.25, 65938, 75, 83
2026/09/17 15:14:46.080, 595.38, 65938, 100, 82
2026/09/17 15:14:51.081, 520.18, 65938, 7, 78
2026/09/17 15:14:56.081, 598.58, 65938, 100, 85
2026/09/17 15:15:01.082, 579.22, 65938, 56, 82
2026/09/17 15:15:06.082, 583.60, 65938, 100, 84
2026/09/17 15:15:11.083, 552.92, 65938, 100, 83
2026/09/17 15:15:16.083, 598.51, 65938, 100, 83
2026/09/17 15:15:21.084, 440.41, 65938, 68, 81
2026/09/17 15:15:26.084, 584.23, 65938, 100, 83
2026/09/17 15:15:31.085, 594.92, 65938, 100, 85
2026/09/17 15:15:36.085, 584.64, 65938, 100, 84
2026/09/17 15:15:41.086, 583.94, 65938, 100, 82
2026/09/17 15:15:46.086, 583.93, 65938, 100, 84
2026/09/17 15:15:51.087, 486.95, 65938, 94, 84
2026/09/17 15:15:56.087, 583.55, 65938, 100, 82
2026/09/17 15:16:01.088, 584.92, 65938, 100, 84
2026/09/17 15:16:06.094, 449.07, 65938, 100, 83
2026/09/17 15:16:11.107, 583.21, 65938, 100, 82
2026/09/17 15:16:16.119, 584.90, 65938, 100, 82
2026/09/17 15:16:21.132, 572.08, 65938, 100, 84
2026/09/17 15:16:26.132, 585.58, 65938, 100, 84
2026/09/17 15:16:31.145, 517.98, 65938, 100, 85
2026/09/17 15:16:36.158, 562.86, 65938, 100, 85
2026/09/17 15:16:41.158, 563.34, 65938, 100, 85
2026/09/17 15:16:46.171, 521.65, 65938, 100, 84
2026/09/17 15:16:51.172, 570.25, 65938, 100, 84
2026/09/17 15:16:56.172, 584.96, 65938, 100, 84
2026/09/17 15:17:01.185, 559.59, 65938, 94, 82
2026/09/17 15:17:06.186, 585.58, 65938, 100, 84
2026/09/17 15:17:11.186, 584.50, 65938, 56, 79
2026/09/17 15:17:16.192, 552.34, 65938, 100, 85
2026/09/17 15:17:21.205, 497.94, 65938, 100, 84
2026/09/17 15:17:26.218, 568.93, 65938, 100, 84
2026/09/17 15:17:31.218, 585.27, 65938, 100, 84
2026/09/17 15:17:36.231, 563.84, 65938, 100, 84
2026/09/17 15:17:41.232, 587.43, 65938, 100, 84
2026/09/17 15:17:46.232, 556.35, 65938, 100, 85
2026/09/17 15:17:51.245, 564.46, 65938, 53, 82
2026/09/17 15:17:56.257, 481.63, 65938, 100, 84
2026/09/17 15:18:01.258, 595.09, 65938, 100, 83
2026/09/17 15:18:06.271, 585.69, 65938, 100, 84
2026/09/17 15:18:11.271, 169.30, 57030, 0, 73
2026/09/17 15:18:16.283, 600.83, 57390, 100, 83
2026/09/17 15:18:21.284, 600.00, 57390, 100, 84
2026/09/17 15:18:26.284, 600.01, 57390, 100, 85
2026/09/17 15:18:31.285, 597.91, 57390, 99, 84
2026/09/17 15:18:36.285, 600.03, 57390, 100, 85
2026/09/17 15:18:41.286, 600.01, 57390, 100, 85
2026/09/17 15:18:46.286, 600.02, 57390, 100, 86
2026/09/17 15:18:51.287, 600.03, 57390, 100, 86
2026/09/17 15:18:56.287, 599.99, 57390, 100, 86
2026/09/17 15:19:01.288, 600.07, 57390, 100, 86
2026/09/17 15:19:06.300, 533.95, 57390, 100, 86
2026/09/17 15:19:11.313, 600.01, 57390, 100, 87
2026/09/17 15:19:16.326, 600.04, 57390, 100, 86
2026/09/17 15:19:21.326, 600.06, 62190, 100, 86
2026/09/17 15:19:26.327, 600.04, 57390, 100, 87
2026/09/17 15:19:31.339, 600.01, 57390, 100, 87
2026/09/17 15:19:36.352, 600.03, 57390, 100, 87
2026/09/17 15:19:41.353, 600.02, 57390, 100, 87
2026/09/17 15:19:46.353, 599.98, 57390, 100, 86
2026/09/17 15:19:51.354, 600.04, 57390, 100, 86
2026/09/17 15:19:56.354, 451.65, 57390, 100, 86
2026/09/17 15:20:01.367, 600.00, 57390, 100, 87
2026/09/17 15:20:06.368, 599.96, 57390, 100, 86
2026/09/17 15:20:11.368, 599.95, 57390, 100, 86
2026/09/17 15:20:16.369, 600.07, 57390, 100, 86
2026/09/17 15:20:21.369, 600.01, 57390, 100, 86
2026/09/17 15:20:26.370, 600.00, 57390, 100, 87
2026/09/17 15:20:31.371, 243.54, 58482, 100, 83
2026/09/17 15:20:36.383, 570.57, 64310, 60, 79
2026/09/17 15:20:41.386, 564.98, 64310, 100, 84
2026/09/17 15:20:46.386, 563.46, 64310, 100, 84
2026/09/17 15:20:51.399, 565.01, 64326, 100, 85
2026/09/17 15:20:56.411, 563.39, 64326, 94, 86
2026/09/17 15:21:01.412, 486.45, 64326, 100, 84
2026/09/17 15:21:06.412, 569.33, 64326, 100, 85
2026/09/17 15:21:11.425, 473.60, 64326, 64, 82
2026/09/17 15:21:16.437, 584.93, 64326, 100, 82
2026/09/17 15:21:21.450, 585.31, 64326, 100, 83
2026/09/17 15:21:26.463, 550.15, 64326, 100, 84
2026/09/17 15:21:31.463, 583.41, 64326, 100, 84
2026/09/17 15:21:36.464, 583.14, 64326, 100, 84
2026/09/17 15:21:41.464, 573.55, 64326, 100, 84
2026/09/17 15:21:46.465, 596.59, 64326, 100, 84
2026/09/17 15:21:51.465, 584.51, 64326, 100, 84
2026/09/17 15:21:56.466, 589.98, 64326, 100, 84
2026/09/17 15:22:01.479, 597.71, 64326, 100, 84
2026/09/17 15:22:06.479, 558.57, 64326, 100, 84
2026/09/17 15:22:11.480, 581.31, 64326, 100, 85
2026/09/17 15:22:16.492, 588.21, 64326, 94, 83
2026/09/17 15:22:21.493, 598.69, 64326, 100, 84
2026/09/17 15:22:26.499, 463.45, 64326, 94, 83
2026/09/17 15:22:31.504, 560.94, 64326, 80, 83
2026/09/17 15:22:36.505, 563.12, 64326, 100, 85
2026/09/17 15:22:41.518, 581.59, 64326, 100, 84
2026/09/17 15:22:46.530, 549.25, 64326, 59, 82
2026/09/17 15:22:51.531, 481.63, 64326, 92, 81
2026/09/17 15:22:56.544, 561.66, 64326, 100, 83
2026/09/17 15:23:01.544, 598.05, 64326, 100, 84
2026/09/17 15:23:06.557, 582.84, 64326, 100, 83
2026/09/17 15:23:11.570, 559.78, 64326, 100, 85
2026/09/17 15:23:16.582, 584.46, 64326, 100, 84
2026/09/17 15:23:21.583, 471.28, 64326, 96, 84
2026/09/17 15:23:26.583, 583.68, 64326, 100, 83
2026/09/17 15:23:31.584, 583.14, 64326, 100, 84
2026/09/17 15:23:36.584, 444.69, 64326, 61, 80
2026/09/17 15:23:41.585, 558.92, 64326, 100, 85
2026/09/17 15:23:46.585, 562.57, 64326, 100, 85
2026/09/17 15:23:51.586, 530.48, 64326, 100, 83
2026/09/17 15:23:56.586, 585.43, 64326, 64, 79
2026/09/17 15:24:01.587, 583.02, 64326, 100, 84
2026/09/17 15:24:06.600, 566.02, 64326, 100, 84
2026/09/17 15:24:11.600, 598.80, 64326, 100, 85
2026/09/17 15:24:16.601, 582.96, 64326, 100, 84
2026/09/17 15:24:21.601, 592.21, 64326, 100, 82
2026/09/17 15:24:26.607, 595.18, 64326, 100, 84
2026/09/17 15:24:31.616, 551.60, 64326, 69, 83
2026/09/17 15:24:36.628, 584.71, 64326, 100, 82
2026/09/17 15:24:41.631, 542.58, 64326, 40, 77
2026/09/17 15:24:46.632, 574.70, 64326, 100, 82
2026/09/17 15:24:51.632, 562.80, 64326, 100, 85
2026/09/17 15:24:56.633, 587.73, 64326, 100, 84
2026/09/17 15:25:01.633, 583.07, 64326, 100, 83
2026/09/17 15:25:06.634, 587.49, 64326, 100, 84
2026/09/17 15:25:11.635, 590.77, 64326, 100, 84
2026/09/17 15:25:16.635, 561.61, 64326, 100, 85
2026/09/17 15:25:21.636, 558.03, 64326, 86, 81
2026/09/17 15:25:26.636, 457.37, 64326, 100, 83
2026/09/17 15:25:31.637, 582.56, 64326, 100, 85
2026/09/17 15:25:36.649, 582.82, 64326, 100, 85
2026/09/17 15:25:41.650, 555.87, 64326, 100, 84
2026/09/17 15:25:46.650, 561.87, 64326, 100, 84
2026/09/17 15:25:51.663, 565.05, 64326, 94, 84
2026/09/17 15:25:56.664, 515.82, 64326, 100, 85
2026/09/17 15:26:01.664, 596.94, 64326, 100, 83
2026/09/17 15:26:06.665, 589.83, 64326, 95, 85
2026/09/17 15:26:11.665, 588.89, 64326, 100, 84
2026/09/17 15:26:16.666, 564.44, 64326, 90, 84
2026/09/17 15:26:21.678, 562.04, 64326, 100, 85
2026/09/17 15:26:26.679, 566.03, 64326, 100, 85
2026/09/17 15:26:31.692, 566.82, 64326, 100, 85
2026/09/17 15:26:36.704, 564.58, 64326, 100, 84
2026/09/17 15:26:41.705, 586.71, 64326, 100, 86
2026/09/17 15:26:46.705, 524.67, 64326, 100, 84
2026/09/17 15:26:51.706, 567.07, 64326, 100, 85
2026/09/17 15:26:56.706, 596.78, 64326, 100, 84
2026/09/17 15:27:01.707, 564.95, 64326, 72, 84
2026/09/17 15:27:06.712, 583.29, 64326, 100, 83
2026/09/17 15:27:11.718, 554.57, 64326, 69, 78
2026/09/17 15:27:16.719, 443.07, 64326, 73, 83
2026/09/17 15:27:21.719, 562.27, 64326, 100, 84
2026/09/17 15:27:26.732, 597.99, 64326, 100, 84
2026/09/17 15:27:31.734, 583.10, 64326, 100, 83
2026/09/17 15:27:36.740, 598.15, 64326, 100, 84
2026/09/17 15:27:41.740, 577.25, 64326, 100, 84
2026/09/17 15:27:46.741, 564.34, 64326, 100, 85
2026/09/17 15:27:51.753, 593.66, 64326, 100, 83
2026/09/17 15:27:56.754, 532.40, 64326, 100, 85
2026/09/17 15:28:01.754, 525.41, 64326, 100, 85
2026/09/17 15:28:06.767, 566.22, 64326, 100, 85
2026/09/17 15:28:11.768, 586.55, 64326, 100, 84
2026/09/17 15:28:16.780, 585.62, 64326, 100, 84
2026/09/17 15:28:21.793, 588.20, 64326, 69, 80
2026/09/17 15:28:26.806, 590.02, 64326, 100, 83
2026/09/17 15:28:31.806, 568.99, 64326, 100, 84
2026/09/17 15:28:36.807, 581.38, 64326, 100, 84
2026/09/17 15:28:41.807, 601.77, 64326, 95, 84
2026/09/17 15:28:46.808, 598.68, 64326, 100, 85
2026/09/17 15:28:51.808, 530.17, 64326, 27, 77
2026/09/17 15:28:56.809, 597.28, 64326, 100, 84
2026/09/17 15:29:01.809, 575.93, 64326, 51, 82
2026/09/17 15:29:06.810, 583.27, 64326, 100, 83
2026/09/17 15:29:11.810, 584.72, 64326, 100, 84
2026/09/17 15:29:16.811, 593.26, 64326, 100, 84
2026/09/17 15:29:21.811, 568.65, 64326, 100, 84
2026/09/17 15:29:26.812, 565.83, 64326, 100, 84
2026/09/17 15:29:31.812, 584.77, 64326, 100, 84
2026/09/17 15:29:36.813, 584.35, 64326, 100, 84
2026/09/17 15:29:41.813, 569.04, 64326, 100, 86
2026/09/17 15:29:46.814, 598.17, 64326, 100, 85
2026/09/17 15:29:51.814, 491.70, 64326, 100, 84
2026/09/17 15:29:56.815, 558.59, 64326, 94, 83
2026/09/17 15:30:01.815, 563.36, 64326, 100, 84
2026/09/17 15:30:06.821, 563.27, 64326, 100, 84
2026/09/17 15:30:11.821, 586.71, 64326, 100, 85
2026/09/17 15:30:16.822, 583.66, 64326, 100, 83
2026/09/17 15:30:21.822, 583.56, 64326, 100, 82
2026/09/17 15:30:26.823, 568.70, 64326, 100, 84
2026/09/17 15:30:31.823, 583.82, 64326, 100, 86
2026/09/17 15:30:36.824, 596.86, 64326, 100, 84
2026/09/17 15:30:41.830, 563.55, 64326, 63, 81
2026/09/17 15:30:46.842, 127.05, 57030, 0, 73
2026/09/17 15:30:51.855, 600.28, 57390, 100, 83
2026/09/17 15:30:56.855, 599.99, 57390, 100, 84
2026/09/17 15:31:01.856, 599.95, 57390, 100, 84
2026/09/17 15:31:06.868, 526.80, 57390, 0, 74
2026/09/17 15:31:11.881, 600.01, 57390, 100, 85
2026/09/17 15:31:16.881, 599.97, 57390, 100, 85
2026/09/17 15:31:21.882, 600.00, 57390, 100, 86
2026/09/17 15:31:26.882, 600.04, 57390, 100, 85
2026/09/17 15:31:31.895, 599.99, 57390, 100, 86
2026/09/17 15:31:36.907, 600.03, 57390, 100, 86
2026/09/17 15:31:41.908, 602.10, 57390, 100, 86
2026/09/17 15:31:46.920, 600.01, 57390, 100, 86
2026/09/17 15:31:51.933, 599.90, 57390, 100, 86
2026/09/17 15:31:56.934, 600.04, 57030, 100, 86
2026/09/17 15:32:01.934, 599.96, 57390, 100, 86
2026/09/17 15:32:06.935, 599.90, 57390, 100, 87
2026/09/17 15:32:11.935, 599.99, 57390, 100, 87
2026/09/17 15:32:16.936, 600.07, 57390, 100, 87
2026/09/17 15:32:21.936, 599.98, 57390, 100, 87
2026/09/17 15:32:26.942, 599.92, 57390, 100, 86
2026/09/17 15:32:31.955, 469.56, 57390, 100, 86
2026/09/17 15:32:36.955, 600.00, 57390, 100, 87
2026/09/17 15:32:41.961, 599.97, 57390, 100, 86
2026/09/17 15:32:46.961, 599.97, 57390, 100, 87
2026/09/17 15:32:51.974, 599.86, 57390, 100, 87
2026/09/17 15:32:56.975, 599.98, 57390, 100, 87
2026/09/17 15:33:01.975, 599.97, 57390, 100, 86
2026/09/17 15:33:06.976, 344.58, 58500, 100, 84
2026/09/17 15:33:11.988, 583.64, 64300, 100, 84
2026/09/17 15:33:17.001, 551.14, 64310, 82, 84
2026/09/17 15:33:22.014, 582.91, 64326, 100, 82
2026/09/17 15:33:27.026, 568.37, 64326, 100, 84
2026/09/17 15:33:32.027, 557.37, 64326, 100, 85
2026/09/17 15:33:37.027, 583.64, 64326, 100, 82
2026/09/17 15:33:42.040, 589.20, 64326, 100, 84
2026/09/17 15:33:47.053, 585.95, 64326, 100, 84
2026/09/17 15:33:52.053, 572.35, 64326, 100, 85
2026/09/17 15:33:57.066, 561.92, 64326, 100, 85
2026/09/17 15:34:02.067, 476.86, 64326, 100, 84
2026/09/17 15:34:07.067, 554.72, 64326, 100, 84
2026/09/17 15:34:12.068, 584.20, 64326, 100, 83
2026/09/17 15:34:17.068, 567.39, 64326, 74, 84
2026/09/17 15:34:22.074, 581.63, 64326, 98, 82
2026/09/17 15:34:27.075, 584.59, 64326, 100, 84
2026/09/17 15:34:32.087, 567.18, 64326, 100, 84
2026/09/17 15:34:37.100, 582.87, 64326, 100, 82
2026/09/17 15:34:42.101, 581.61, 64326, 100, 82
2026/09/17 15:34:47.113, 470.67, 64326, 100, 84
2026/09/17 15:34:52.126, 597.51, 64326, 100, 84
2026/09/17 15:34:57.132, 588.60, 64326, 99, 83
2026/09/17 15:35:02.132, 569.29, 64326, 100, 84
2026/09/17 15:35:07.133, 582.17, 64326, 100, 83
2026/09/17 15:35:12.133, 585.58, 64326, 100, 84
2026/09/17 15:35:17.134, 566.41, 64326, 100, 85
2026/09/17 15:35:22.134, 566.63, 64326, 100, 84
2026/09/17 15:35:27.135, 582.73, 64326, 100, 84
2026/09/17 15:35:32.135, 599.85, 64326, 100, 84
2026/09/17 15:35:37.136, 582.56, 64326, 100, 83
2026/09/17 15:35:42.136, 564.59, 64326, 100, 84
2026/09/17 15:35:47.137, 566.87, 64326, 100, 85
2026/09/17 15:35:52.137, 570.26, 64326, 95, 84
2026/09/17 15:35:57.138, 589.14, 64326, 100, 84
2026/09/17 15:36:02.138, 588.19, 64326, 100, 83
2026/09/17 15:36:07.139, 597.22, 64326, 100, 83
2026/09/17 15:36:12.151, 583.89, 64326, 100, 84
2026/09/17 15:36:17.164, 589.57, 64326, 100, 84
2026/09/17 15:36:22.177, 582.42, 64326, 100, 82
2026/09/17 15:36:27.189, 590.66, 64326, 100, 84
2026/09/17 15:36:32.190, 593.59, 64326, 100, 83
2026/09/17 15:36:37.203, 519.39, 64326, 66, 82
2026/09/17 15:36:42.203, 578.93, 64326, 55, 82
2026/09/17 15:36:47.216, 584.41, 64326, 100, 86
2026/09/17 15:36:52.228, 584.84, 64326, 100, 85
2026/09/17 15:36:57.241, 584.36, 64326, 100, 84
2026/09/17 15:37:02.254, 582.41, 64326, 100, 84
2026/09/17 15:37:07.266, 567.70, 64326, 100, 84
2026/09/17 15:37:12.267, 567.90, 64326, 100, 84
2026/09/17 15:37:17.279, 584.10, 64326, 100, 84
2026/09/17 15:37:22.292, 462.23, 64326, 92, 83
2026/09/17 15:37:27.306, 596.46, 64326, 100, 85
2026/09/17 15:37:32.319, 545.70, 64326, 66, 82
2026/09/17 15:37:37.331, 560.76, 64326, 94, 84
2026/09/17 15:37:42.332, 563.63, 64326, 100, 85
2026/09/17 15:37:47.333, 586.11, 64326, 100, 83
2026/09/17 15:37:52.345, 469.23, 64326, 94, 83
2026/09/17 15:37:57.346, 582.76, 64326, 100, 85
2026/09/17 15:38:02.347, 581.62, 64326, 100, 85
2026/09/17 15:38:07.347, 590.93, 64326, 100, 82
2026/09/17 15:38:12.348, 582.66, 64326, 100, 82
2026/09/17 15:38:17.348, 583.34, 64326, 100, 83
2026/09/17 15:38:22.349, 457.25, 64326, 100, 84
2026/09/17 15:38:27.349, 598.50, 64326, 100, 84
2026/09/17 15:38:32.350, 553.80, 64326, 100, 83
2026/09/17 15:38:37.363, 555.25, 64326, 100, 85
2026/09/17 15:38:42.375, 582.03, 64326, 100, 84
2026/09/17 15:38:47.376, 581.57, 64326, 100, 83
2026/09/17 15:38:52.389, 583.47, 64326, 100, 84
2026/09/17 15:38:57.389, 583.96, 64326, 100, 84
2026/09/17 15:39:02.402, 541.01, 64326, 66, 82
2026/09/17 15:39:07.402, 564.89, 64326, 100, 85
2026/09/17 15:39:12.403, 458.99, 64326, 100, 85
2026/09/17 15:39:17.416, 520.29, 64326, 100, 83
2026/09/17 15:39:22.428, 582.79, 64326, 100, 84
2026/09/17 15:39:27.441, 559.62, 64326, 100, 85
2026/09/17 15:39:32.454, 581.53, 64326, 100, 84
2026/09/17 15:39:37.454, 582.21, 64326, 100, 83
2026/09/17 15:39:42.467, 582.39, 64326, 100, 83
2026/09/17 15:39:47.467, 581.52, 64326, 100, 84
2026/09/17 15:39:52.480, 600.24, 64326, 100, 84
2026/09/17 15:39:57.493, 542.00, 64326, 46, 77
2026/09/17 15:40:02.505, 581.17, 64326, 100, 82
2026/09/17 15:40:07.506, 579.21, 64326, 56, 80
2026/09/17 15:40:12.519, 558.51, 64326, 100, 85
2026/09/17 15:40:17.531, 595.15, 64326, 100, 85
2026/09/17 15:40:22.532, 559.99, 64326, 100, 84
2026/09/17 15:40:27.545, 560.91, 64326, 52, 80
2026/09/17 15:40:32.545, 585.88, 64326, 100, 85
2026/09/17 15:40:37.546, 590.09, 64326, 100, 84
2026/09/17 15:40:42.546, 517.58, 64326, 100, 84
2026/09/17 15:40:47.547, 582.36, 64326, 100, 82
2026/09/17 15:40:52.559, 555.47, 64326, 100, 84
2026/09/17 15:40:57.560, 551.08, 64326, 80, 84
2026/09/17 15:41:02.560, 506.09, 64326, 0, 75
2026/09/17 15:41:07.561, 552.92, 64326, 5, 76
2026/09/17 15:41:12.562, 597.79, 64326, 100, 84
2026/09/17 15:41:17.562, 582.50, 64326, 100, 82
2026/09/17 15:41:22.563, 550.09, 64326, 71, 83
2026/09/17 15:41:27.563, 540.32, 64326, 75, 79
2026/09/17 15:41:32.564, 583.43, 64326, 100, 84
2026/09/17 15:41:37.577, 582.96, 64326, 100, 84
2026/09/17 15:41:42.589, 583.45, 64326, 100, 84
2026/09/17 15:41:47.595, 469.63, 64326, 94, 84
2026/09/17 15:41:52.607, 508.46, 64326, 100, 84
2026/09/17 15:41:57.608, 583.66, 64326, 100, 83
2026/09/17 15:42:02.608, 567.40, 64326, 100, 84
2026/09/17 15:42:07.609, 584.72, 64326, 100, 86
2026/09/17 15:42:12.609, 567.30, 64326, 95, 83
2026/09/17 15:42:17.610, 584.49, 64326, 100, 84
2026/09/17 15:42:22.610, 584.83, 64326, 100, 84
2026/09/17 15:42:27.623, 585.10, 64326, 100, 83
2026/09/17 15:42:32.623, 594.09, 64326, 100, 84
2026/09/17 15:42:37.624, 582.81, 64326, 100, 84
2026/09/17 15:42:42.637, 470.49, 64326, 93, 82
2026/09/17 15:42:47.637, 586.98, 64326, 100, 83
2026/09/17 15:42:52.650, 597.08, 64326, 100, 85
2026/09/17 15:42:57.650, 581.60, 64326, 100, 85
2026/09/17 15:43:02.651, 583.07, 64326, 100, 84
2026/09/17 15:43:07.651, 568.52, 64326, 100, 83
2026/09/17 15:43:12.652, 588.36, 64326, 100, 84
2026/09/17 15:43:17.652, 583.21, 64326, 100, 84
2026/09/17 15:43:22.653, 118.60, 57030, 3, 71
2026/09/17 15:43:27.653, 600.10, 57390, 100, 83
2026/09/17 15:43:32.654, 600.00, 57390, 100, 84
2026/09/17 15:43:37.654, 599.95, 57390, 100, 84
2026/09/17 15:43:42.655, 490.72, 57390, 100, 84
2026/09/17 15:43:47.656, 600.03, 57390, 100, 85
2026/09/17 15:43:52.668, 600.03, 57390, 100, 85
2026/09/17 15:43:57.674, 599.98, 57390, 100, 86
2026/09/17 15:44:02.674, 599.95, 57390, 100, 86
2026/09/17 15:44:07.675, 600.05, 57390, 100, 86
2026/09/17 15:44:12.676, 600.04, 57390, 100, 86
2026/09/17 15:44:17.676, 599.98, 57390, 100, 86
2026/09/17 15:44:22.677, 599.99, 57390, 100, 87
2026/09/17 15:44:27.677, 599.95, 57390, 100, 86
2026/09/17 15:44:32.690, 453.37, 57390, 100, 86
2026/09/17 15:44:37.703, 600.03, 57390, 100, 86
2026/09/17 15:44:42.716, 600.00, 57390, 100, 87
2026/09/17 15:44:47.728, 600.01, 57390, 100, 86
2026/09/17 15:44:52.741, 599.93, 57390, 100, 87
2026/09/17 15:44:57.741, 599.99, 57390, 100, 86
2026/09/17 15:45:02.742, 599.94, 57390, 100, 87
2026/09/17 15:45:07.755, 600.18, 57390, 100, 86
2026/09/17 15:45:12.767, 600.02, 57390, 100, 87
2026/09/17 15:45:17.768, 599.98, 57390, 100, 87
2026/09/17 15:45:22.780, 522.92, 57390, 0, 76
2026/09/17 15:45:27.793, 599.96, 57390, 100, 87
2026/09/17 15:45:32.794, 599.99, 57390, 100, 87
2026/09/17 15:45:37.799, 599.93, 57390, 100, 87
2026/09/17 15:45:42.812, 560.23, 60884, 94, 84
2026/09/17 15:45:47.824, 593.04, 64380, 100, 85
2026/09/17 15:45:52.837, 531.88, 64384, 2, 76
2026/09/17 15:45:57.837, 585.15, 64400, 100, 82
2026/09/17 15:46:02.838, 552.41, 64400, 100, 86
2026/09/17 15:46:07.851, 465.92, 64400, 0, 75
2026/09/17 15:46:12.851, 581.79, 64400, 95, 82
2026/09/17 15:46:17.864, 583.73, 64400, 100, 84
2026/09/17 15:46:22.876, 596.78, 64400, 100, 83
2026/09/17 15:46:27.889, 584.73, 64400, 100, 84
2026/09/17 15:46:32.902, 585.74, 64400, 100, 84
2026/09/17 15:46:37.914, 584.16, 64400, 100, 85
2026/09/17 15:46:42.915, 426.29, 64400, 100, 84
2026/09/17 15:46:47.927, 540.07, 64400, 82, 84
2026/09/17 15:46:52.940, 567.23, 64400, 100, 85
2026/09/17 15:46:57.953, 565.73, 64400, 100, 85
2026/09/17 15:47:02.965, 570.77, 64400, 100, 85
2026/09/17 15:47:07.966, 588.93, 64400, 100, 84
2026/09/17 15:47:12.966, 597.91, 64400, 100, 85
2026/09/17 15:47:17.967, 583.97, 64400, 100, 84
2026/09/17 15:47:22.968, 584.92, 64400, 100, 85
2026/09/17 15:47:27.968, 580.41, 64400, 100, 84
2026/09/17 15:47:32.981, 598.03, 64400, 100, 83
2026/09/17 15:47:37.981, 583.87, 64400, 100, 84
2026/09/17 15:47:42.994, 567.94, 64400, 100, 84
2026/09/17 15:47:47.994, 555.43, 64400, 100, 84
2026/09/17 15:47:52.995, 582.34, 64400, 100, 83
2026/09/17 15:47:57.995, 550.89, 64400, 100, 85
2026/09/17 15:48:02.996, 565.51, 64400, 100, 84
2026/09/17 15:48:07.996, 518.64, 64400, 100, 84
2026/09/17 15:48:13.002, 574.95, 64400, 100, 80
2026/09/17 15:48:18.015, 562.94, 64400, 100, 85
2026/09/17 15:48:23.015, 553.66, 64400, 100, 85
2026/09/17 15:48:28.016, 561.50, 64400, 100, 83
2026/09/17 15:48:33.016, 450.55, 64400, 8, 76
2026/09/17 15:48:38.017, 583.99, 64400, 100, 84
2026/09/17 15:48:43.017, 486.29, 64400, 100, 82
2026/09/17 15:48:48.018, 582.50, 64400, 100, 84
2026/09/17 15:48:53.018, 561.87, 64400, 60, 82
2026/09/17 15:48:58.019, 584.35, 64400, 100, 84
2026/09/17 15:49:03.019, 584.92, 64400, 100, 82
2026/09/17 15:49:08.032, 588.19, 64400, 100, 85
2026/09/17 15:49:13.033, 569.48, 64400, 100, 85
2026/09/17 15:49:18.033, 466.65, 64400, 100, 84
2026/09/17 15:49:23.034, 554.31, 64400, 100, 84
2026/09/17 15:49:28.034, 583.01, 64400, 100, 84
2026/09/17 15:49:33.035, 573.29, 64400, 71, 81
2026/09/17 15:49:38.047, 564.77, 64400, 100, 83
2026/09/17 15:49:43.048, 582.97, 64400, 100, 83
2026/09/17 15:49:48.060, 582.91, 64400, 100, 83
2026/09/17 15:49:53.061, 583.89, 64400, 100, 86
2026/09/17 15:49:58.074, 479.79, 64400, 100, 84
2026/09/17 15:50:03.074, 566.46, 64400, 100, 85
2026/09/17 15:50:08.075, 562.94, 64400, 100, 84
2026/09/17 15:50:13.075, 468.03, 64400, 64, 80
2026/09/17 15:50:18.076, 561.37, 64400, 100, 84
2026/09/17 15:50:23.076, 597.65, 64400, 100, 84
2026/09/17 15:50:28.077, 527.96, 64400, 41, 76
2026/09/17 15:50:33.089, 582.17, 64400, 100, 85
2026/09/17 15:50:38.102, 583.47, 64400, 100, 84
2026/09/17 15:50:43.107, 595.10, 64400, 100, 84
2026/09/17 15:50:48.120, 582.34, 64400, 100, 83
2026/09/17 15:50:53.121, 543.29, 64400, 58, 81
2026/09/17 15:50:58.121, 585.66, 64400, 100, 83
2026/09/17 15:51:03.134, 597.85, 64400, 100, 84
2026/09/17 15:51:08.134, 438.62, 64400, 100, 84
2026/09/17 15:51:13.135, 583.69, 64400, 100, 84
2026/09/17 15:51:18.141, 552.29, 64400, 69, 80
2026/09/17 15:51:23.141, 465.47, 64400, 100, 84
2026/09/17 15:51:28.154, 585.98, 64400, 100, 83
2026/09/17 15:51:33.154, 577.80, 64400, 100, 86
2026/09/17 15:51:38.167, 486.91, 64400, 100, 84
2026/09/17 15:51:43.168, 597.91, 64400, 100, 84
2026/09/17 15:51:48.168, 554.41, 64400, 100, 85
2026/09/17 15:51:53.174, 510.45, 64400, 100, 85
2026/09/17 15:51:58.187, 568.68, 64400, 100, 85
2026/09/17 15:52:03.187, 553.91, 64400, 100, 85
2026/09/17 15:52:08.187, 558.25, 64400, 100, 84
2026/09/17 15:52:13.188, 588.09, 64400, 100, 86
2026/09/17 15:52:18.188, 466.54, 64400, 100, 84
2026/09/17 15:52:23.189, 587.10, 64400, 100, 83
2026/09/17 15:52:28.189, 564.05, 64400, 100, 85
2026/09/17 15:52:33.190, 533.30, 64400, 100, 83
2026/09/17 15:52:38.191, 598.66, 64400, 100, 84
2026/09/17 15:52:43.191, 557.79, 64400, 100, 84
2026/09/17 15:52:48.204, 522.06, 64400, 100, 85
2026/09/17 15:52:53.216, 597.37, 64400, 100, 84
2026/09/17 15:52:58.217, 573.67, 64400, 68, 80
2026/09/17 15:53:03.230, 598.31, 64400, 100, 84
2026/09/17 15:53:08.242, 586.23, 64400, 100, 84
2026/09/17 15:53:13.243, 585.84, 64400, 100, 84
2026/09/17 15:53:18.255, 586.21, 64400, 100, 84
2026/09/17 15:53:23.256, 537.43, 64400, 57, 81
2026/09/17 15:53:28.256, 556.79, 64400, 94, 84
2026/09/17 15:53:33.257, 596.28, 64400, 100, 84
2026/09/17 15:53:38.258, 584.94, 64400, 100, 84
2026/09/17 15:53:43.258, 430.16, 64400, 100, 84
2026/09/17 15:53:48.259, 546.74, 64400, 0, 76
2026/09/17 15:53:53.259, 563.81, 64400, 100, 83
2026/09/17 15:53:58.260, 571.13, 64400, 95, 84
2026/09/17 15:54:03.260, 568.97, 64400, 100, 84
2026/09/17 15:54:08.261, 568.98, 64400, 100, 85
2026/09/17 15:54:13.262, 585.23, 64400, 100, 84
2026/09/17 15:54:18.274, 586.53, 64400, 100, 84
2026/09/17 15:54:23.287, 569.53, 64400, 100, 85
2026/09/17 15:54:28.300, 557.70, 64400, 58, 77
2026/09/17 15:54:33.312, 592.99, 64400, 100, 84
2026/09/17 15:54:38.318, 584.19, 64400, 100, 84
2026/09/17 15:54:43.319, 569.54, 64400, 100, 84
2026/09/17 15:54:48.331, 595.59, 64400, 100, 85
2026/09/17 15:54:53.344, 583.07, 64400, 100, 83
2026/09/17 15:54:58.344, 586.68, 64400, 100, 85
2026/09/17 15:55:03.345, 595.22, 64400, 100, 85
2026/09/17 15:55:08.345, 556.21, 64400, 100, 85
2026/09/17 15:55:13.346, 482.98, 64400, 100, 85
2026/09/17 15:55:18.347, 584.61, 64400, 100, 85
2026/09/17 15:55:23.347, 588.41, 64400, 100, 85
2026/09/17 15:55:28.348, 573.01, 64400, 100, 86
2026/09/17 15:55:33.348, 490.85, 64400, 0, 75
2026/09/17 15:55:38.354, 585.82, 64400, 100, 84
2026/09/17 15:55:43.354, 588.54, 64400, 100, 84
2026/09/17 15:55:48.355, 585.27, 64400, 100, 84
2026/09/17 15:55:53.356, 568.22, 64400, 100, 84
2026/09/17 15:55:58.356, 100.13, 57030, 0, 70
2026/09/17 15:56:03.357, 599.97, 57390, 100, 84
2026/09/17 15:56:08.357, 599.96, 57390, 100, 84
2026/09/17 15:56:13.370, 599.97, 57390, 100, 85
2026/09/17 15:56:18.371, 600.12, 57390, 100, 85
2026/09/17 15:56:23.371, 599.97, 57390, 100, 85
2026/09/17 15:56:28.376, 600.02, 57390, 100, 86
2026/09/17 15:56:33.377, 463.35, 57390, 100, 85
2026/09/17 15:56:38.390, 599.99, 57390, 100, 86
2026/09/17 15:56:43.390, 600.01, 57390, 100, 87
2026/09/17 15:56:48.391, 599.94, 57390, 100, 86
2026/09/17 15:56:53.391, 599.89, 57390, 100, 87
2026/09/17 15:56:58.404, 600.01, 57390, 100, 86
2026/09/17 15:57:03.405, 600.01, 57390, 100, 87
2026/09/17 15:57:08.417, 600.18, 57390, 100, 86
2026/09/17 15:57:13.418, 600.01, 57390, 100, 87
2026/09/17 15:57:18.418, 599.98, 57390, 100, 87
2026/09/17 15:57:23.419, 568.71, 57030, 99, 85
2026/09/17 15:57:28.419, 599.98, 57390, 100, 86
2026/09/17 15:57:33.420, 599.96, 57390, 100, 87
2026/09/17 15:57:38.420, 599.99, 57390, 100, 87
2026/09/17 15:57:43.433, 599.98, 57390, 100, 87
2026/09/17 15:57:48.434, 600.04, 57390, 100, 87
2026/09/17 15:57:53.434, 600.00, 57390, 100, 87
2026/09/17 15:57:58.447, 596.00, 57390, 100, 87
2026/09/17 15:58:03.453, 600.00, 57390, 100, 87
2026/09/17 15:58:08.453, 599.96, 57390, 100, 87
2026/09/17 15:58:13.466, 599.91, 57390, 100, 87
2026/09/17 15:58:18.466, 570.23, 60544, 100, 85
2026/09/17 15:58:23.467, 591.29, 63244, 100, 84
2026/09/17 15:58:28.468, 584.02, 63248, 100, 83
2026/09/17 15:58:33.480, 585.74, 63248, 100, 83
2026/09/17 15:58:38.481, 479.15, 63264, 100, 84
2026/09/17 15:58:43.494, 594.61, 63264, 100, 85
2026/09/17 15:58:48.506, 565.21, 63264, 70, 79
2026/09/17 15:58:53.507, 556.43, 63264, 72, 81
2026/09/17 15:58:58.520, 585.56, 63264, 100, 84
2026/09/17 15:59:03.520, 583.81, 63264, 100, 83
2026/09/17 15:59:08.533, 584.58, 63264, 100, 85
2026/09/17 15:59:13.546, 585.09, 63264, 100, 86
2026/09/17 15:59:18.558, 568.28, 63264, 100, 84
2026/09/17 15:59:23.559, 597.84, 63264, 100, 84
2026/09/17 15:59:28.560, 590.46, 63264, 100, 84
2026/09/17 15:59:33.560, 598.66, 63264, 100, 84
2026/09/17 15:59:38.561, 557.44, 63264, 100, 84
2026/09/17 15:59:43.561, 472.55, 63264, 66, 81
2026/09/17 15:59:48.562, 590.01, 63264, 100, 85
2026/09/17 15:59:53.563, 478.70, 63264, 100, 84
2026/09/17 15:59:58.575, 589.34, 63264, 100, 83
2026/09/17 16:00:03.588, 583.99, 63264, 100, 84
2026/09/17 16:00:08.601, 577.66, 63264, 56, 80
2026/09/17 16:00:13.613, 564.82, 63264, 100, 84
2026/09/17 16:00:18.614, 566.53, 63264, 100, 85
2026/09/17 16:00:23.620, 463.73, 63264, 43, 81
2026/09/17 16:00:28.620, 559.51, 63264, 38, 78
2026/09/17 16:00:33.633, 597.87, 63264, 100, 85
2026/09/17 16:00:38.634, 469.31, 63264, 66, 83
2026/09/17 16:00:43.634, 583.58, 63264, 100, 82
2026/09/17 16:00:48.640, 582.16, 63264, 100, 82
2026/09/17 16:00:53.640, 478.31, 63264, 100, 85
2026/09/17 16:00:58.641, 599.32, 63264, 100, 85
2026/09/17 16:01:03.641, 584.75, 63264, 100, 83
2026/09/17 16:01:08.642, 585.05, 63264, 100, 83
2026/09/17 16:01:13.642, 475.96, 63264, 93, 84
2026/09/17 16:01:18.643, 592.67, 63264, 100, 84
2026/09/17 16:01:23.643, 582.77, 63264, 100, 84
2026/09/17 16:01:28.644, 585.72, 63264, 100, 83
2026/09/17 16:01:33.656, 597.88, 63264, 100, 85
2026/09/17 16:01:38.657, 564.75, 63264, 100, 85
2026/09/17 16:01:43.658, 564.28, 63264, 100, 84
2026/09/17 16:01:48.658, 559.50, 63264, 84, 83
2026/09/17 16:01:53.658, 563.09, 63264, 100, 84
2026/09/17 16:01:58.659, 597.25, 63264, 100, 85
2026/09/17 16:02:03.659, 568.98, 63264, 100, 83
2026/09/17 16:02:08.660, 584.08, 63264, 100, 85
2026/09/17 16:02:13.661, 586.13, 63264, 100, 84
2026/09/17 16:02:18.664, 457.76, 63264, 93, 83
2026/09/17 16:02:23.664, 564.17, 63264, 52, 81
2026/09/17 16:02:28.665, 584.59, 63264, 100, 84
2026/09/17 16:02:33.677, 567.64, 63264, 100, 84
2026/09/17 16:02:38.690, 586.86, 63264, 100, 86
2026/09/17 16:02:43.691, 567.58, 63264, 93, 81
2026/09/17 16:02:48.691, 582.60, 63264, 96, 82
2026/09/17 16:02:53.692, 584.75, 63264, 100, 85
2026/09/17 16:02:58.692, 598.45, 63264, 100, 85
2026/09/17 16:03:03.705, 454.62, 63264, 94, 84
2026/09/17 16:03:08.705, 584.94, 63264, 100, 85
2026/09/17 16:03:13.711, 565.07, 63264, 100, 84
2026/09/17 16:03:18.712, 583.34, 63264, 100, 83
2026/09/17 16:03:23.712, 586.16, 63264, 100, 84
2026/09/17 16:03:28.725, 585.00, 63264, 100, 84
2026/09/17 16:03:33.725, 584.59, 63264, 100, 86
2026/09/17 16:03:38.738, 584.69, 63264, 100, 85
2026/09/17 16:03:43.751, 599.87, 63264, 100, 83
2026/09/17 16:03:48.751, 484.21, 63264, 100, 83
2026/09/17 16:03:53.757, 595.10, 63264, 100, 84
2026/09/17 16:03:58.758, 566.87, 63264, 83, 84
2026/09/17 16:04:03.758, 584.93, 63264, 100, 84
2026/09/17 16:04:08.771, 561.62, 63264, 79, 81
2026/09/17 16:04:13.772, 583.07, 63264, 100, 85
2026/09/17 16:04:18.784, 569.88, 63264, 100, 84
2026/09/17 16:04:23.785, 591.49, 63264, 100, 83
2026/09/17 16:04:28.785, 585.00, 63264, 100, 83
2026/09/17 16:04:33.786, 595.34, 63264, 100, 85
2026/09/17 16:04:38.786, 585.11, 63264, 100, 84
2026/09/17 16:04:43.786, 541.25, 63264, 38, 78
2026/09/17 16:04:48.787, 600.83, 63264, 100, 84
2026/09/17 16:04:53.787, 584.26, 63264, 100, 84
2026/09/17 16:04:58.788, 584.48, 63264, 100, 84
2026/09/17 16:05:03.788, 584.79, 63264, 100, 85
2026/09/17 16:05:08.788, 555.44, 63264, 58, 80
2026/09/17 16:05:13.789, 584.75, 63264, 100, 83
2026/09/17 16:05:18.789, 566.06, 63264, 100, 85
2026/09/17 16:05:23.790, 583.91, 63264, 100, 85
2026/09/17 16:05:28.790, 583.62, 63264, 100, 82
2026/09/17 16:05:33.791, 601.49, 63264, 95, 84
2026/09/17 16:05:38.791, 500.59, 63264, 0, 75
2026/09/17 16:05:43.791, 557.25, 63264, 100, 84
2026/09/17 16:05:48.792, 548.91, 63264, 100, 84
2026/09/17 16:05:53.792, 597.57, 63264, 100, 85
2026/09/17 16:05:58.793, 584.59, 63264, 100, 85
2026/09/17 16:06:03.805, 563.59, 63264, 100, 84
2026/09/17 16:06:08.806, 440.04, 63264, 100, 84
2026/09/17 16:06:13.819, 557.80, 63264, 83, 81
2026/09/17 16:06:18.824, 563.01, 63264, 100, 85
2026/09/17 16:06:23.837, 490.14, 63264, 100, 84
2026/09/17 16:06:28.849, 584.25, 63264, 100, 84
2026/09/17 16:06:33.862, 597.81, 63264, 100, 85
2026/09/17 16:06:38.875, 584.18, 63264, 100, 84
2026/09/17 16:06:43.875, 585.06, 63264, 100, 84
2026/09/17 16:06:48.888, 570.13, 63264, 81, 79
2026/09/17 16:06:53.901, 582.50, 63264, 100, 85
2026/09/17 16:06:58.913, 583.06, 63264, 100, 85
2026/09/17 16:07:03.914, 584.20, 63264, 100, 85
2026/09/17 16:07:08.927, 597.71, 63264, 100, 84
2026/09/17 16:07:13.927, 553.03, 63264, 100, 85
2026/09/17 16:07:18.928, 553.74, 63264, 100, 85
2026/09/17 16:07:23.933, 600.79, 63264, 100, 84
2026/09/17 16:07:28.934, 598.06, 63264, 94, 84
2026/09/17 16:07:33.934, 573.86, 63264, 100, 84
2026/09/17 16:07:38.935, 563.50, 63264, 94, 84
2026/09/17 16:07:43.935, 551.92, 63264, 88, 84
2026/09/17 16:07:48.936, 584.14, 63264, 100, 84
2026/09/17 16:07:53.937, 571.81, 63264, 50, 80
2026/09/17 16:07:58.949, 556.94, 63264, 100, 83
2026/09/17 16:08:03.962, 595.79, 63264, 100, 85
2026/09/17 16:08:08.963, 558.41, 63264, 94, 84
2026/09/17 16:08:13.963, 428.17, 63264, 0, 74
2026/09/17 16:08:18.976, 497.56, 63264, 29, 76
2026/09/17 16:08:23.976, 582.38, 63264, 100, 83
2026/09/17 16:08:28.982, 582.52, 63264, 100, 85
2026/09/17 16:08:33.995, 237.45, 57678, 95, 75
2026/09/17 16:08:38.995, 599.97, 57390, 100, 84
2026/09/17 16:08:44.008, 600.05, 57390, 100, 84
2026/09/17 16:08:49.020, 600.05, 57390, 100, 85
2026/09/17 16:08:54.026, 599.97, 57390, 100, 85
2026/09/17 16:08:59.039, 600.00, 57390, 100, 85
2026/09/17 16:09:04.039, 599.99, 57390, 100, 86
2026/09/17 16:09:09.052, 547.33, 57390, 100, 85
2026/09/17 16:09:14.053, 600.04, 57390, 100, 86
2026/09/17 16:09:19.065, 599.97, 57390, 100, 86
2026/09/17 16:09:24.078, 600.01, 57390, 100, 87
2026/09/17 16:09:29.079, 599.96, 57390, 100, 86
2026/09/17 16:09:34.079, 600.00, 57390, 100, 87
2026/09/17 16:09:39.080, 599.98, 57390, 100, 87
2026/09/17 16:09:44.092, 600.00, 57390, 100, 86
2026/09/17 16:09:49.093, 599.96, 57390, 100, 87
2026/09/17 16:09:54.106, 600.03, 57390, 100, 86
2026/09/17 16:09:59.106, 465.12, 57390, 100, 86
2026/09/17 16:10:04.119, 599.98, 57390, 100, 86
2026/09/17 16:10:09.125, 600.02, 57390, 100, 87
2026/09/17 16:10:14.125, 599.99, 57390, 100, 87
2026/09/17 16:10:19.138, 599.92, 57390, 100, 86
2026/09/17 16:10:24.151, 600.02, 57390, 100, 87
2026/09/17 16:10:29.151, 600.05, 57390, 100, 86
2026/09/17 16:10:34.164, 600.02, 57390, 100, 87
2026/09/17 16:10:39.164, 600.00, 57390, 100, 87
2026/09/17 16:10:44.170, 599.92, 57390, 100, 86
2026/09/17 16:10:49.171, 499.16, 57030, 0, 76
